{
  "wavelength_range": "14mm",
  "test_mse": 0.06487131863832474,
  "test_rmse": 0.2546984857401487,
  "test_mae": 0.18170207738876343,
  "norm_test_mse": 0.06441713869571686,
  "norm_test_rmse": 0.253805316523742,
  "norm_test_mae": 0.17691662907600403,
  "mean_deviation": 0.062495969235897064,
  "best_val_loss": 0.014642253314192366,
  "model_info": "64x3_LR1e-05_LossMSE_PL1_dataset14mm"
}