{
  "wavelength_range": "5mm",
  "test_mse": 0.005175085738301277,
  "test_rmse": 0.07193806876961097,
  "test_mae": 0.05656307563185692,
  "mean_deviation": 0.009266085922718048,
  "mean_fidelity": 0.9961361235473305,
  "best_val_loss": 0.0031351354953782504,
  "model_info": "16x3_LR1e-05_LossMSE_dataset5mm"
}