{
  "wavelength_range": "1mm",
  "test_mse": 0.003006282029673457,
  "test_rmse": 0.05482957258335557,
  "test_mae": 0.04357222840189934,
  "mean_deviation": 0.04826955869793892,
  "best_val_loss": 0.03191970585353056,
  "model_info": "16x3_LR1e-05_Lossregmse_PL1_dataset1mm"
}