{
  "wavelength_range": "14mm",
  "test_mse": 0.0676470473408699,
  "test_rmse": 0.26009045991898644,
  "test_mae": 0.19436109066009521,
  "mean_deviation": 0.07421165704727173,
  "best_val_loss": 0.04973984313950797,
  "model_info": "16x3_LR1e-05_Lossregmse_PL1_dataset14mm"
}