{
  "wavelength_range": "1mm",
  "test_mse": 0.0009576584561727941,
  "test_rmse": 0.030946057199145647,
  "test_mae": 0.0236587505787611,
  "norm_test_mse": 0.0009161958587355912,
  "norm_test_rmse": 0.030268727405287313,
  "norm_test_mae": 0.02263338677585125,
  "mean_deviation": 0.01013511698693037,
  "mean_fidelity": 0.9993127622292377,
  "best_val_loss": 0.0007412154172634938,
  "model_info": "64x3_LR0.0007907566561917306_LossMSE_PL1_dataset1mm"
}