{
  "wavelength_range": "14mm",
  "test_mse": 0.07155319303274155,
  "test_rmse": 0.2674942859814795,
  "test_mae": 0.1854933500289917,
  "norm_test_mse": 0.07011358439922333,
  "norm_test_rmse": 0.26478969843863515,
  "norm_test_mae": 0.18387900292873383,
  "mean_deviation": 0.038624584674835205,
  "best_val_loss": 0.017792285629548134,
  "model_info": "64x3_LR0.0004937722324975414_LossMSE_PL1_dataset14mm"
}