{
  "wavelength_range": "-5mm",
  "test_mse": 0.10213159769773483,
  "test_rmse": 0.3195803462319528,
  "test_mae": 0.25672248005867004,
  "best_val_loss": 0.07623225728429522,
  "model_info": "16x3_LR1e-05_LossMSE_PL1_dataset-5mm"
}